question,answer,university
SUST special kono admission book thakle bolben,যেকোনো এক দুইটা বই এর বেসিক ভালো করে ক্লিয়ার করো তাইলেই এনাফ,SUST
SUST Architecture er exam e ki dhoroner drawing dey???,"ফ্রি হ্যান্ড ড্রয়িং এ 2D composition, 1 or 2 point perspective, figure drawing, poster/book cover design এ টাইপ ড্রয়িং আসে",SUST
amar ssc te 4th sub agriculture study r hsc te 4th sub higher math.ami SUST er B unit e apply korte parbo???,হুম পারবেন,SUST
SUST A unit er jonno kun boi kinle valo hobe,যেকোনো এক দুইটা বই এর বেসিক ভালো করে ক্লিয়ার করো তাইলেই এনাফ ,SUST
SUST a 2nd timerder koto mark kata hoy and A unit ar jonno ki ki boi follow korte pari aktu bolben please?, চোখ রাখুন https://www.admissionwar.com/ এবং সার্চ করুন সাস্ট অথবা চেক করুন  http://admission.sust.edu গিয়ে এডমিশন সেকশনে সার্চ করুন এবং যেকোনো এক দুইটা বই এর বেসিক ভালো করে ক্লিয়ার করো তাইলেই এনাফ,SUST
"jodi admission er jonno kothaw coaching na kori,tobe basay kivabe porle SUST e chance pawar probability thakbe??",যেকোনো এক দুইটা বই এর বেসিক ভালো করে ক্লিয়ার করো তাইলেই এনাফ,SUST
SUST e engineering subject a chance paoyaor jonno 70 er moddhe koto marks paite hobe?,এটা আসলে বলা সম্ভব না তবে ৭০% কারেক্ট হলে প্রবাবিলিটি ভালই থাকে,SUST
SUST A unit ar jonno ki ki boi follow korte pari aktu bolben please,যেকোনো এক দুইটা বই এর বেসিক ভালো করে ক্লিয়ার করো তাইলেই এনাফ ,SUST
SUST e ki calculator use kora jabe / kun model er calculator use kora hoy??,চোখ রাখুন https://www.admissionwar.com/ এবং সার্চ করুন সাস্ট অথবা চেক করুন  http://admission.sust.edu গিয়ে এডমিশন সেকশনে সার্চ করুন,SUST
SUST e math korar jonne ki extra paper dewa hobe??,হুম। তোমাকে এক্সাম হলে এক্সট্রা পেপার দেয়া হবে।,SUST
SUST A unit Science er waiting list ki 350+ Hobar kunu possibility ache!!,এইটা একেক বছর একেক রকম হয় তারপরেও খোজ রাখবেন ,SUST
sust e Waiting position 1808.Migration er por ki engineering sub aste pare?????,মাইগ্রেশন মেইনলি অরিয়েন্টেশন এর পর শুরু হয়। তোমাকে তোমার ডিপ্ট থেকে ফর্ম কালেক্ট করে ফিল আপ করতে হবে। ১০ দিনের মধ্যে রেজাল্ট পেয়ে যাবা। মেইনলি তোমার মাইগ্রেশন হবে তোমার মেরিট পজিশন এবং তোমার চাওয়া ডিপ্ট এর সিট খালি থাকা সাপেক্ষে।একবার মাইগ্রেশন হয়ে গেলে তোমাকে ওই ডিপ্ট এই যেতে হবে তুমি চাইলেও আর তোমার আগের ডিপ্টে থাকতে পারবে না।,SUST
Sust er migration shmprke kchuu jnina,মাইগ্রেশন মেইনলি অরিয়েন্টেশন এর পর শুরু হয়। তোমাকে তোমার ডিপ্ট থেকে ফর্ম কালেক্ট করে ফিল আপ করতে হবে। ১০ দিনের মধ্যে রেজাল্ট পেয়ে যাবা। মেইনলি তোমার মাইগ্রেশন হবে তোমার মেরিট পজিশন এবং তোমার চাওয়া ডিপ্ট এর সিট খালি থাকা সাপেক্ষে।একবার মাইগ্রেশন হয়ে গেলে তোমাকে ওই ডিপ্ট এই যেতে হবে তুমি চাইলেও আর তোমার আগের ডিপ্টে থাকতে পারবে না।,SUST
Sust er migration somporke keu bolte parben?,মাইগ্রেশন মেইনলি অরিয়েন্টেশন এর পর শুরু হয়। তোমাকে তোমার ডিপ্ট থেকে ফর্ম কালেক্ট করে ফিল আপ করতে হবে। ১০ দিনের মধ্যে রেজাল্ট পেয়ে যাবা। মেইনলি তোমার মাইগ্রেশন হবে তোমার মেরিট পজিশন এবং তোমার চাওয়া ডিপ্ট এর সিট খালি থাকা সাপেক্ষে।একবার মাইগ্রেশন হয়ে গেলে তোমাকে ওই ডিপ্ট এই যেতে হবে তুমি চাইলেও আর তোমার আগের ডিপ্টে থাকতে পারবে না।,SUST
Sust e migration kisher bhitti te hoy?,মাইগ্রেশন মেইনলি অরিয়েন্টেশন এর পর শুরু হয়। তোমাকে তোমার ডিপ্ট থেকে ফর্ম কালেক্ট করে ফিল আপ করতে হবে। ১০ দিনের মধ্যে রেজাল্ট পেয়ে যাবা। মেইনলি তোমার মাইগ্রেশন হবে তোমার মেরিট পজিশন এবং তোমার চাওয়া ডিপ্ট এর সিট খালি থাকা সাপেক্ষে।একবার মাইগ্রেশন হয়ে গেলে তোমাকে ওই ডিপ্ট এই যেতে হবে তুমি চাইলেও আর তোমার আগের ডিপ্টে থাকতে পারবে না।,SUST
Sust er admission e koy copy chobi lagbe??,২ কপি,SUST
sust a vorti hote Ki Guardian ar sign ba photo lage?,"ভর্তির জন্য প্রয়োজনীয় জিনিসপত্র-১. ভর্তি পরীক্ষার সময়কার সিগনেচার করা এডমিট কার্ড। ২. এসএসসি বা সমমান ও এইচএসসি বা সমমান পরীক্ষার মূল মার্কশীট এবং সার্টিফিকেট। ৩. প্রয়োজনীয় টাকা। ৪. কোটায় ভর্তিচ্ছুদের কোটা সম্পর্কিত যথাযথ সনদপত্রের মূল কপি। ৫. প্রতিটি সনদপত্র ও নম্বরপত্রের ২টি সত্যায়িত ফটোকপি।",SUST
SUST e Vorti hoite ki j photo admit a cilo oitai lage ?????,"ভর্তির জন্য প্রয়োজনীয় জিনিসপত্র- ১. ভর্তি পরীক্ষার সময়কার সিগনেচার করা এডমিট কার্ড।২. এসএসসি বা সমমান ও এইচএসসি বা সমমান পরীক্ষার মূল মার্কশীট এবং সার্টিফিকেট। ৩. প্রয়োজনীয় টাকা। ৪. কোটায় ভর্তিচ্ছুদের কোটা সম্পর্কিত যথাযথ সনদপত্রের মূল কপি।৫. প্রতিটি সনদপত্র ও নম্বরপত্রের ২টি সত্যায়িত ফটোকপি।",SUST
SUST e vorti hote ki ki kagoj potro lagbe?,"ভর্তির জন্য প্রয়োজনীয় জিনিসপত্র- ১. ভর্তি পরীক্ষার সময়কার সিগনেচার করা এডমিট কার্ড।২. এসএসসি বা সমমান ও এইচএসসি বা সমমান পরীক্ষার মূল মার্কশীট এবং সার্টিফিকেট। ৩. প্রয়োজনীয় টাকা। ৪. কোটায় ভর্তিচ্ছুদের কোটা সম্পর্কিত যথাযথ সনদপত্রের মূল কপি। ৫. প্রতিটি সনদপত্র ও নম্বরপত্রের ২টি সত্যায়িত ফটোকপি।",SUST
Sust e fet or bsmrstu te eee konta valo hobe??,তোমার প্যাশন যেটাতে ওইটাতে ভর্তি হয়। প্রয়োজনে কারো হেল্প নাও।,SUST
SUST e ME CEP CEE eder mddhe konta newa bttr hbe vaia?,তোমার প্যাশন যেটাতে ওইটাতে ভর্তি হয়। প্রয়োজনে কারো হেল্প নাও।,SUST
SUST e Admit Card e Genji Pora Obostay Photo Ache.Keu Keu Bolce Problem Hbe.,কোনো প্রবলেম হবে না।,SUST
Sust er kon kon department IEB approved ?,Check this http://www.iebbd.org/page/default.aspx?contentid=117&fbclid=IwAR3ObgJyJb5tCQ1r8q5BeiMKMHIg3pze24DkSHNFbnZ2KFzHGimuBcrzoiI ,SUST
SUST er office er contqct number ta dorkar.kindly dile valo hoto.,ভিজিট http://admission.sust.edu/,SUST
vaia SUST e vorti batil kivabe korbo ?? r koto din lagte pare ? naki ghurabe koykdin ?,ওইদিন ই দিয়ে দিবে তবে কয়েক ঘন্টা লাগতে পারে এবং কিছু টাকা লাগে ৫০০ এর মত,SUST
SUST b1 Waiting 1476 kobe dakbe/call korbe?? and ki subject pete pari??,ভিজিট http://admission.sust.edu/noticeboard,SUST
Sylhet Railway station theke Sust kivabe gele better hoy?,"স্টেশন>আম্বরখানা(২০/- সিএঞ্জি লোকাল ভাড়া)>সাস্ট গেইট(১৫ টাকা সিএঞ্জি লোকাল ভাড়া)। ডিরেক্ট সিএঞ্জি পাইতে পারো। ডিরেক্ট সিএঞ্জি ভাড়া(৩৫-৪০/- টাকা লোকাল)। এছাড়াও, স্টেশন>বন্দর(১০/- লোকাল সিএঞ্জি ভাড়া)> সাস্ট গেইট (১৫ /- লোকাল সিএঞ্জি ভাড়া। সিলেটে পাঠাও + ওভাই এভাইলেবল|",SUST
Sylhet e ki uber/pathao available? ,"স্টেশন>আম্বরখানা(২০/- সিএঞ্জি লোকাল ভাড়া)>সাস্ট গেইট(১৫ টাকা সিএঞ্জি লোকাল ভাড়া)। ডিরেক্ট সিএঞ্জি পাইতে পারো। ডিরেক্ট সিএঞ্জি ভাড়া(৩৫-৪০/- টাকা লোকাল)। এছাড়াও, স্টেশন>বন্দর(১০/- লোকাল সিএঞ্জি ভাড়া)> সাস্ট গেইট (১৫ /- লোকাল সিএঞ্জি ভাড়া। সিলেটে পাঠাও + ওভাই এভাইলেবল|",SUST
Sec e vorti cancel na kore sust e o ki admit houya jabe??,সাস্টে ট্রান্সক্রিপ্ট এর মেইন কপি ছাড়া ভর্তি হওয়া যাবে না।,SUST
sust e ki jekono subject double major hishaba naoa jai,"ডাবল মেজর হিসেবে নেওয়া যায় না তবে সেকেন্ড মেজর হিসেবে চাইলে আপনি ফিজিক্স,ট্রিপলী এবং সিএসই নিতে পারবেন আপনার প্রধান মেজরের পাশাপাশি।",SUST
SUST e Class kbe start hote pare???,বেশীরভাগ ডিপার্টমেন্টেই জানুয়ারির শেষের দিকে বা ফেব্রুয়ারির শুরুর দিকেই ক্লাস শুরু করে।,SUST
Sust GPA r jonno kotu marks???, চোখ রাখুন https://www.admissionwar.com/ এবং সার্চ করুন সাস্ট অথবা চেক করুন  http://admission.sust.edu গিয়ে এডমিশন সেকশনে সার্চ করুন,SUST
kun kun varsity te second time ache?,"যেসব পাবলিক বিশ্ববিদ্যালয়ে ২য় বার ভর্তি পরীক্ষা দেয়া যাবে:১. জাহাঙ্গীরনগর বিশ্ববিদ্যালয়।(JU),২. শাহজালাল বিজ্ঞান ও প্রযুক্তি বিশ্ববিদ্যালয় (SUST),৩. কুমিল্লা বিশ্ববিদ্যালয়।(COU),৪. খুলনা বিশ্ববিদ্যালয়।(KU),৫. বাংলাদেশ ইউনিভার্সিটি অবপ্রোফেশনালস্। (BUP),৬. ইসলামি বিশ্ববিদ্যালয়।(IU), ৭. বরিশাল বিশ্ববিদ্যালয়, ৯. পটুয়াখালী বিজ্ঞান ও প্রযুক্তি বিশ্ববিদ্যালয়।(PSTU), ১০. বাংলাদেশ কৃষি বিশ্ববিদ্যালয়। (BAU),১১. বেগম রোকেয়া বিশ্ববিদ্যালয়,রংপুর। (BRUR),১২. জাতীয় কবি কাজী নজরুল ইসলাম বিশ্ববিদ্যালয়।(JKKNIU),১৩. ইসলামিক ইউনিভার্সিটি অফসায়েন্সটেকনোলজী (IUT), ১৪. বঙ্গবন্ধু শেখ মুজিবুর রহমানবিজ্ঞান ওপ্রযুক্তি বিশ্ববিদ্যালয়।(BSMRSTU),১৫. মাওলানা ভাসানী বিজ্ঞান ওপ্রযুক্তি বিশ্ববিদ্যালয়(MBSTU),১৬. নোয়াখালী বিজ্ঞান ও প্রযুক্তি বিশ্ববিদ্যালয় (NSTU),১৭. পাবনা বিজ্ঞান ও প্রযুক্তি বিশ্ববিদ্যালয়,১৮. হাজী মোহাম্মাদ দানেশবিজ্ঞান ও প্রযুক্তি বিশ্ববিদ্যালয়।(HSTU),১৯. যশোর বিজ্ঞান ও প্রযুক্তি বিশ্ববিদ্যালয়। (JUST) ২০.Bangabandhu Sheikh Mujibur Rahman Maritime University ,২১. বঙ্গবন্ুশেখ মুজিবুর রহমান কৃষি বিশ্ববিদ্যালয়,২২. শেরে বাংলা কৃষি বিশ্ববিদ্যালয়,২৩. সরকারি মেডিকেল কলেজ,২৪. আর্মি মেডিকেল কলেজ।",All
sust e first year e hall e sit paoa jabe?,হুম যাবে।,SUST
Sust e re-admission er process ta bolben,তুমি যেই ডিপার্টমেন্টে ভর্তি হয়েছো সেই ডিপার্টমেন্টের সবগুলো সিট পূরণ হয়ে যাওয়ার দুই সপ্তাহের মধ্যে রেজিস্টার বরাবর একটা অ্যাপ্লিকেশন লিখতে হবে। এরপর তুমি যেই স্যারের ক্লাসে এটলিস্ট ২৫% উপস্থিত থেকেছো সেই স্যারের কাছ থেকে রেকোমেন্ডেশন নিতে হবে। সাথে ডিপার্টমেন্ট হেডেরও ফরওয়ার্ডেড সিগনেচার নিতে হবে। এরপর অ্যাপ্লিকেশনটা রেজিস্টার অফিসে সাবমিট করতে হবে। রেজিস্টার অফিস একটা ডেট দিবে। সেই ডেটের মধ্যেই ভর্তির টাকা জমা দিতে হবে। ব্যাস! কাজ শেষ।,SUST
SUST e vortir din e ki viva? viva er jonne alada ki preparation nite hobe?,"ভর্তি এবং ভাইভা একই দিনে হবে। ভাইভার জন্য আলাদা কোন প্রিপারেশন নেওয়া লাগবে না। ভাইভাতে তেমন কিছু জিজ্ঞেস করা হয় না। এইতো নাম, ঠিকানা, কী সাবজেক্ট নিবা এইসব তথ্যই জিজ্ঞেস করা হয়।",SUST
sust e vivar jonne ki ki dress pore aste hobe?,ভাইভার জন্য আলাদা কোন ড্রেস কোডও মানা লাগবে না। কোন ধরণের ফরমাল ড্রেস পরে আসতে হবে না।,SUST
Sust er dept gulote average cgpa kmn thake?,এইটা একেক ইয়ার একেক ডিপ্ট এ একেক রকম হয়। তবে এভারেজ ৩.৩+ থাকে।,SUST
Sust er seat plan kivabe dekhbo?, মোবাইলে ম্যাসেজ যাবে অথবা ওয়েবসাইটে চেক করতে পারো। ভিজিট http://admission.sust.edu,SUST
sust e sob subject e ki alada alada pass korte hoy?,সাস্টে আলাদা পাশ মার্ক নাই। সবমিলিয়ে ১০০ তে ৪০% মার্কস ক্যারি করতে পারলেই মেরিট লিস্টে নাম তুলতে পারবা। মেরিট লিস্টে নাম উঠলেই যে চান্স হয়ে যাবে এরকম কোন কথা নাই।,SUST
sust e koyta dagaile mutamuti chance sure/nischit?,ভুলভাল না দাগিয়ে ঠিকঠাক মত ৪৫-৫০ টা দাগাতেই পারলেই মোটামোটি চান্স নিশ্চিত হয়ে যায়। তবে প্রশ্ন অতিরিক্ত সহজ হয়ে গেলে এই থিওরী কোন কাজে আসবে না। সাস্টের প্রশ্ন অবশ্য মোটামোটি কঠিনই হয় প্রত্যেকবছর।,SUST 
Sust e alada alada dept e vorti/admit nite chaile ki alada alada requirement lage?,অর্থনীতি বিভাগে ভর্তি হতে চাইলে A ইউনিটের পরীক্ষায় গণিতে নূন্যতম ৪ মার্কস পাওয়া লাগবে। আর ইংরেজি বিভাগে ভর্তি হতে চাইলে পরীক্ষায় ইংরেজীতে কমপক্ষে ৮ মার্কস পাওয়া লাগবে। এছাড়া A বা B ইউনিটে আর তেমন কোন উল্লেখযোগ্য শর্ত নাই। মেরিট পজিশন ভালো হলে ইচ্ছেমত সাবজেক্ট চয়েস করা যাবে।,SUST
Sust e economics dept/department e vorti/admit hote chaile math o minimum/nunnotomo koto pete hobe?,অর্থনীতি বিভাগে ভর্তি হতে চাইলে A ইউনিটের পরীক্ষায় গণিতে নূন্যতম ৪ মার্কস পাওয়া লাগবে। আর ইংরেজি বিভাগে ভর্তি হতে চাইলে পরীক্ষায় ইংরেজীতে কমপক্ষে ৮ মার্কস পাওয়া লাগবে। এছাড়া A বা B ইউনিটে আর তেমন কোন উল্লেখযোগ্য শর্ত নাই। মেরিট পজিশন ভালো হলে ইচ্ছেমত সাবজেক্ট চয়েস করা যাবে।,SUST
Dhaka theke sylhet train e kotokkhn lage?,মেক্সিমাম ৭/৮ ঘন্টা লাগবে।,SUST
Sust A unit e physics chemistry biology/Math e ki alada alada pass korte hobe?,A ইউনিটে ম্যাথ/বায়োলজির মধ্যে বিজ্ঞান বিভাগের ছাত্রছাত্রীরা তাদের ইচ্ছামত প্রশ্নের উত্তর করতে পারবে। ম্যাথ আন্সার না করলে মোটেই প্রবলেম হবে না।,SUST
Ami goto bochor HSC diyechilam.Ei bochor abar improvement dile ki SUST e amake first timer hisebe dhorbe naki second timer?,সেকেন্ড টাইমার,SUST
Sust e A and B unit e ki eki din e xm hoy?,হুম।,SUST
Sust er admit card haraiya felsi .kuno problem hobe?,কোনো সমস্যা হবার কথা না। বাকি সব কাগজপ্ত্র ঠিকমতো নিয়ে গেলেই হবে।,SUST
Sust e HSC main copy transcript chara ki vorti hoa jabe?,সাস্টে ট্রান্সক্রিপ্ট এর মেইন কপি ছাড়া ভর্তি হওয়া যাবে না।,SUST
Sust e second major somorke jante chai,"সেকেন্ড মেজর হিসেবে চাইলে আপনি ফিজিক্স,ট্রিপলী এবং সিএসই নিতে পারবেন আপনার প্রধান মেজরের পাশাপাশি।তবে তার জন্যে আপনাকে একটি এক্সাম দিতে হবে। সেটি আপনার ভর্তির একবছর পরে শুরু হবে।",SUST
SUST e Exam hall e ki ki nea jabe?,"পরীক্ষা কেন্দ্রে অবশ্যই দুই কপি এডমিট কার্ড সঙ্গে করে নিয়ে আসতে হবে। রঙিন এডমিট কার্ড হলে ভালো। তবে সাদা-কালো হলেও কোন সমস্যা হবে না। এডমিট কার্ড ছাড়াও ক্যালকুলেটর আর বলপয়েন্ট কলম আনতে ভুল করো না।আর্কিটেকচারে যারা পরীক্ষা দিবা, তারা অবশ্যই ড্রয়িং রিলেটেড জিনিসপত্র সাথে নিয়ে আসবা।",SUST
SUST e Exam hall ki ghori/clock er bebostha thakbe?,সবগুলো পরীক্ষা কেন্দ্রে ঘড়ির ব্যবস্থা থাকে না। সাধারণ মানের কেসিও ঘড়ি সঙ্গে করে আনতে পারো। যারা এখনো এডমিট কার্ডে সাইন করো নি। তারা ঝটপট এডমিট কার্ডে সাইন করে ফেলো। ,SUST
sust e total koyta hall ache?,৫ টা,SUST
sust e cheleder hall koyta?,৩ টা,SUST
sust e meyeder hall koyta?,২ টা(ক্যাম্পাসের ভিতরে) এছাড়া মেয়েদের জন্যে ক্যাম্পাসের বাহিরে ৪-৫ টির মতো হল আছে যেগুলা আসলে ভার্সিটির আন্ডারে পরিচালিত হয়।,SUST
sust e hall e thaka khaoar obostha kmn?,হলে থাকা খাওয়ার দাম অনেক কম। কিন্তু তেমন উন্নতমানের নয়।,SUST
sust e meyera sobai ki hall sit pay shurute?,যারা সিলেটের বাইরে থেকে আসে তারা মোটামুটি সিট পায় কারন মেয়েদের ২ টা(ক্যাম্পাসের ভিতরে) হল এছাড়া মেয়েদের জন্যে ক্যাম্পাসের বাহিরে ৪-৫ টির মতো হল আছে যেগুলা আসলে ভার্সিটির আন্ডারে পরিচালিত হয়।,SUST
sust e kheladhular jonne ki ki bebostha ache?,"খেলাধুলার জন্যে ৩ টি মাঠ, একটি জিমনেশিয়াম রয়েছে ।",SUST
sust er auditorium er dharon khomota kemon?,প্রায় ১৫০০ এর মত,SUST
sust e khelar ki ki math/field ase?,"একটি হ্যান্ডবল গ্রাউন্ড, একটি বাস্কেটবল গ্রাউন্ড এবং একটি সেন্ট্রাল ফিল্ড রয়েছে সাস্টে।",SUST
sust e ki concert hoy?,"হুম সাস্টে প্রতিবছর ই বেশ কয়েকটা ,দেশের নামিদামি ব্যান্ডের কন্সার্ট/কনসার্ট হয়।",SUST
sust e pahela baishakh e ki ki hoy?,পহেলা বৈশাখে বিভিন্ন অনুষ্টান এর পাশাপাশি বিভিন্ন ডিপ্ট এর স্টল বসে। সকালে বর্ণাঢ্য র‍্যালি হয়। মেলাও বসে।,SUST
sust er IICT building e kun kun department ache?,"ইইই,সিএসই,সফটওয়্যার ইঞ্জিনিয়ারিং",SUST
sust e total koyta academic building ache?,"৬ টা(আই আই সিটি,এ,বি,সি,ডি,ই বিল্ডিং)",SUST
sust e ki ki quota ache?,ভিজিট http://admission.sust.edu এবং প্রস্পেকটাস চেক করুন।,SUST
sust e ki ffq te grand son/grand daughter allow kore?,না শুধু ছেলে/মেয়ে,SUST
sust e ki du er moto TSC type kuno jaiga ache?,হুম। তবে সেটা টিএসসির মতো এত বড় নয়। এটার না হল ইউসি(ইউনিভার্সিটি সেন্টার),SUST
sust e koyta club ase?,৩০+ হবে।,SUST
sust e co-curricular activities kemon?,"৩০+ এর মতো ক্লাব আছে। এখানে ফোটোগ্রাফি থেকে শুরু করে একেবার ক্যারিয়ার,গান,বাজনা,সাইন্স,আইটি,ভলেন্টিয়ারিং সব টাইপের ক্লাব আছে।",SUST
sust e koyta nijossho band ase?,২টা,SUST
sust e ki kuno english speaking club ase?,হুম আছে ।,SUST
sylhet e tutiony te kemon beton/payment dey?,বাংলা মিডিয়াম পড়ালে ৩০০০+ থেকে শুরু করে ৫০০০ পর্যন্ত পাওয়া যায়। আর ইংরেজি মিডিয়াম পড়ালে ৮-১০ হাজার ও পাওয়া যায়। তবে ক্ষেত্রবিশেষে বাড়তেও পারে।,SUST
sust e hall e thaka better naki mess e?,হলে থাকতে গেলে কিছুটা পলিটিক্সের সাথে জড়াতে হয় তবে মেসে থাকলে এইসব ঝামেলা পোহাতে হয় না।কিন্তু খরচ কিছুটা বেশি হয় হলের তুলনায়।,SUST
sylhet e ki mess available paoa jay?,হুম সাস্টের বেশিরভাগ স্টুডেন্ট ই মেস এ থাকে।,SUST
sust er transport er obostha kemon? sob somoy bus thake?,"সকালে ৭ টা থেকে ১০ টা,দুপুর ১২টা,১টা,বিকাল ৪টা,৫টা,রাত ৮টায় বাস ক্যাম্পাস থেকে ছাড়ে। তবে ছাত্রছাত্রীর তুলনায় বাসের সংখ্যার কিছুটা ঘাটতি রয়েছে।",SUST
sust e ki ki khela hoy?,"সাস্টে প্রতিবছর ক্রিকেট, ফুটবল, বাস্কেটবল,হ্যান্ডবল টুর্নামেন্ট(ছেলে+মেয়ে) এবং বার্ষিক ক্রীড়া প্রতিযোগিতা হয়।এছাড়া ডিপ্ট ভিত্তিক খেলাধুলা থেকে শুরু করে ইনডোর গেমস সবকিছুই হয়।",SUST
sust e ki kuno undergrade olympiad hoy?,"সাস্টে ম্যাথ,ফিজিক্স,কেমিস্টি ছাড়াও আরো কিছু কিছু ডিপার্টমেন্টে আন্ডারগ্র্যাড অলিম্পিয়াড হয়।",SUST
DU te ami subject choice dei ni.ekhn ki amar viva niba?,না নিবে না,DU
"akhon je sub guler seat khali ache,oi guler aktaw to amar choise list e nai,akon ami ki DU te vorti hota parbona?",না পারবে না ,DU
DU d unit e ki vorti ses???,সবসময় ঢাবির ওয়েবসাইটে চোখ রাখবে ভিজিট http://admission.eis.du.ac.bd/,DU
DU er BBA er regular class kobe theke suru hobe keu bolte parben?,মোবাইলে মেসেজ যাবে,DU
Journalist hoite hole ki Subject niye porte hobe ?,journalism & mass communication,DU
career option hisebe kun subject ta better hobe??,যেকোনো সাব্জেক্ট ই মোটামুটি ভালো।একেকটার ডিমান্ড একেক রকম,DU
du d unit er second merit list dibe ?,দিতে পারে । সবসময় ঢাবির ওয়েবসাইটে চোখ রাখবে ভিজিট http://admission.eis.du.ac.bd/,DU
Du te vorti hoite ki ki lagbe?,একেক ডিপ্টে ভর্তি হতে একেক কাগজপত্র লাগবে বিস্তারিত এর জন্যে বড় ভাইয়ের হেল্প নাও কিনবা ভিজিট http://admission.eis.du.ac.bd/,DU
Couching na kore ki DU te D unite chance paoa somvov?,হুম অবশ্যই সম্ভব,DU
DU er chemistry Department er biggopti dite parben,ভিজিট http://admission.eis.du.ac.bd/,DU
DU Lather engineering a vorti hote koto taka lagbe?,ভিজিট http://admission.eis.du.ac.bd/,DU
DU PHYSICS department er vorti notice ki dice?,ভিজিট http://admission.eis.du.ac.bd/,DU
DU te admission er jnnno SSC r HSC mile total kto point lge?,ভিজিট http://admission.eis.du.ac.bd/,DU
Science Unit theke DU D unit e exam dite ki kora lagbe?, ভিজিট http://admission.eis.du.ac.bd/,DU
Du Te nuclear engineering sub Pete hole Koto marks tulte Hobe?,একেক বছর একেক রকম তোলা লাগে,DU
Diploma te o ki 4 peye pass korte hobe KUET e exam dite hole?,ডিপ্লমা এবং এইচএসসির জন্য সমভাবে প্রযোজ্য ,KUET
KUET e koyjon k exam dite dibe?,চেক করুন https://www.admissionwar.com/ এবং সার্চ করুন কুয়েট অথবা চেক করুন http://kuet.ac.bd/ গিয়ে এডমিশন সেকশনে সার্চ করুন , KUET
eibar theke ki KUET e written chalu hobe?,চেক করুন https://www.admissionwar.com/ এবং সার্চ করুন কুয়েট অথবা চেক করুন http://kuet.ac.bd/ গিয়ে এডমিশন সেকশনে সার্চ করুন ,KUET
KUET e apply korte koto tk lagbe?,চেক করুন https://www.admissionwar.com/ এবং সার্চ করুন কুয়েট অথবা চেক করুন http://kuet.ac.bd/ গিয়ে এডমিশন সেকশনে সার্চ করুন,KUET
varityr jonne couching kore ki KUET e chance paoa jabe?, হুম অব্যশই বেসিক ক্লিয়ার থাকলে যেকোনো যায়গায় কোচিং করেও চান্স পাওয়া সম্ভব,KUET
KUET e ki hall e thaka jay?, হুম থাকা যায় ,KUET
PC chara ki apply kora jabe na KUET e?, না করটাই বেটার তবুও বিস্তারিত চেক করুন https://www.admissionwar.com/ এবং সার্চ করুন কুয়েট অথবা চেক করুন http://kuet.ac.bd/ গিয়ে এডমিশন সেকশনে সার্চ করুন,KUET
KUET e 18 paile ki sure exm dite parbo naki pore bad porar shomvabona ase???,চেক করুন https://www.admissionwar.com/ এবং সার্চ করুন কুয়েট অথবা চেক করুন http://kuet.ac.bd/ গিয়ে এডমিশন সেকশনে সার্চ করুন,KUET
vai amr SSC ta 4.19 Ami ki KUET exam dita parbo?????,চেক করুন https://www.admissionwar.com/ এবং সার্চ করুন কুয়েট অথবা চেক করুন http://kuet.ac.bd/ গিয়ে এডমিশন সেকশনে সার্চ করুন,KUET
KUET a admission test dite chaile SSC te koto point lagbe?? , চেক করুন https://www.admissionwar.com/ এবং সার্চ করুন কুয়েট অথবা চেক করুন http://kuet.ac.bd/ গিয়ে এডমিশন সেকশনে সার্চ করুন,KUET
diploma ses kore ki kuet ea admisson deoa jai ki,হুম যায়,KUET
Can i use smart phone in term of applying in KUET? ,না করটাই বেটার তবুও বিস্তারিত চেক করুন https://www.admissionwar.com/ এবং সার্চ করুন কুয়েট অথবা চেক করুন http://kuet.ac.bd/ গিয়ে এডমিশন সেকশনে সার্চ করুন,KUET
Prottek subject e ki alada alada pass korte hobe KUET e?, না  বিস্তারিত চেক করুন https://www.admissionwar.com/ এবং সার্চ করুন কুয়েট অথবা চেক করুন http://kuet.ac.bd/ গিয়ে এডমিশন সেকশনে সার্চ করুন,KUET
KOTO PELE MOTAMUTI CHANCE PAOAR POSSIBILITY ACHE KUET e??,এইটা তো আসলে বলা সম্ভব না। তবে মোটামুটি ৭০% মার্কস থাকলে আশা করা যায়,KUET
Vai 2nd time daoa jabe KUET e?,না ,KUET
calculator use kora jay KUET e??, হুম যাবে বিস্তারিত জানতে চেক করুন https://www.admissionwar.com/ এবং সার্চ করুন কুয়েট অথবা চেক করুন http://kuet.ac.bd/ গিয়ে এডমিশন সেকশনে সার্চ করুন,KUET
Any quota facility in KUET? , হুম আছে বিস্তারিত চেক করুন https://www.admissionwar.com/ এবং সার্চ করুন কুয়েট অথবা চেক করুন http://kuet.ac.bd/ গিয়ে এডমিশন সেকশনে সার্চ করুন,KUET
Mcq based or written exam in KUET?, বহুনিরবচনি হয় সাধারনত তাও বিস্তারিত চেক করুন https://www.admissionwar.com/ এবং সার্চ করুন কুয়েট অথবা চেক করুন http://kuet.ac.bd/ গিয়ে এডমিশন সেকশনে সার্চ করুন ,KUET
chance pawar jonno average koto marks pawa lage KUET e?,এইটা তো আসলে বলা সম্ভব না। তবে মোটামুটি ৭০% মার্কস থাকলে আশা করা যায় ,KUET
Kuet r jnno ki only new syllabus follow korbo? ,হুম অব্যশই নতুন সিলেবাস,KUET
Marks distribution in KUET?, চেক করুন https://www.admissionwar.com/ এবং সার্চ করুন কুয়েট অথবা চেক করুন http://kuet.ac.bd/ গিয়ে এডমিশন সেকশনে সার্চ করুন ,KUET
English toh may be thakbe na taile eibar KUET e?, চেক করুন https://www.admissionwar.com/ এবং সার্চ করুন কুয়েট অথবা চেক করুন http://kuet.ac.bd/ গিয়ে এডমিশন সেকশনে সার্চ করুন ,KUET
Can i bring my watch in KUET Exam hall? , হলে ঘড়ি থাকে এবং স্যারের টাইম বলে দেন জিজ্ঞেস করলে সো না নেয়া ই বেটার,KUET
Do KUET prefer waiting list? ,হুম দেয়,KUET
How can i ensure my selection in KUET? ,এক্সাম এর জন্যে সিলেক্টেড লিস্ট দিবে বিস্তারিত  চেক করুন https://www.admissionwar.com/ এবং সার্চ করুন কুয়েট অথবা চেক করুন http://kuet.ac.bd/ গিয়ে এডমিশন সেকশনে সার্চ করুন ,KUET
Amar ssc result 4.89 r. HSC 5.00 but hsc te  English e B asce ami ki BUET e  application korte parbo, চেক করুন https://www.admissionwar.com/ এবং সার্চ করুন বুয়েট অথবা চেক করুন http://www.buet.ac.bd/Home/Admission গিয়ে এডমিশন সেকশনে সার্চ করুন,BUET
how many seat in BUET for Computer Science????,  সাধারনত ১২০ টা তাও চেক করুন https://www.admissionwar.com/ এবং সার্চ করুন বুয়েট অথবা চেক করুন http://www.buet.ac.bd/Home/Admission গিয়ে এডমিশন সেকশনে সার্চ করুন,BUET
ssc te koto point chay buet???, চেক করুন https://www.admissionwar.com/ এবং সার্চ করুন বুয়েট অথবা চেক করুন http://www.buet.ac.bd/Home/Admission গিয়ে এডমিশন সেকশনে সার্চ করুন,BUET
ssc teo ki math e plus lgbe buet e exam dite hole?, চেক করুন https://www.admissionwar.com/ এবং সার্চ করুন বুয়েট অথবা চেক করুন http://www.buet.ac.bd/Home/Admission গিয়ে এডমিশন সেকশনে সার্চ করুন,BUET
BUET e ki jsc result Ki dekhbe?,না তাও বিস্তারিত চেক করুন https://www.admissionwar.com/ এবং সার্চ করুন বুয়েট অথবা চেক করুন http://www.buet.ac.bd/Home/Admission গিয়ে এডমিশন সেকশনে সার্চ করুন,BUET
IPE and CIVIL er moddhe kunta better hobe BUET e?, দুইটাই ভালো এটা ডিপেন্ড করে তোমার প্যাশন এর উপর,BUET
BUET e koyta faculty ache and ki ki? , Check this http://www.buet.ac.bd/Department/Faculties,BUET
vaia 23 nie ki xm e attend kora jabe? ki mone hoy?, দুইটাই ভালো এটা ডিপেন্ড করে তোমার প্যাশন এর উপর,BUET
HSC te Higher Math optional nile BUET e vortir khetre kunu effect felbe?,না ,BUET
BUET e computer Science e koyta seat ase?, সাধারনত ১২০ টা তাও চেক করুন https://www.admissionwar.com/ এবং সার্চ করুন বুয়েট অথবা চেক করুন http://www.buet.ac.bd/Home/Admission গিয়ে এডমিশন সেকশনে সার্চ করুন,BUET
BUET theke BSC Engineering kore ber hote koto year lagbe?,৪ বছর,BUET
BUET e chemical Engineering e seat koyta?, চেক করুন https://www.admissionwar.com/ এবং সার্চ করুন বুয়েট অথবা চেক করুন http://www.buet.ac.bd/Home/Admission গিয়ে এডমিশন সেকশনে সার্চ করুন,BUET
BUET e ki polytechnic er student ra exam dite pare?, হুম দিতে পারে,BUET
Math Chemistry Physics e alada alada koto mark pete hobe BUET e ?, না আলাদা পাশের নিয়ম নেই বুয়েটে,BUET
ami goto year e BUET e form tuli nai. Ei year ki form tulte parbo?, না দিতে পারবে না যদি ইম্প্রুভমেন্ট দিয়ে এবারের পয়েন্ট তুলতে পার তাইলে দিতে পারবে,BUET
BUET e kun dept e koyta seat ache?,চেক করুন https://www.admissionwar.com/ এবং সার্চ করুন বুয়েট অথবা চেক করুন http://www.buet.ac.bd/Home/Admission গিয়ে এডমিশন সেকশনে সার্চ করুন,BUET
BUET e ki automatic migration hoy?,হুম তোমার সাবজেক্ট চয়েস অনুযায়ী,BUET
brother kew improve diye jodi exam deyar joggo hoy tahole 2 nd bar exam dite parbe BUET e ?, হুম পারবে,BUET
amar goto bar phy.che.math a +thaka sotteo bangla o english a a thakar karone buet a apply e korte pari nai...ami ki abosor apply korte parbo BUET e ?, না দিতে পারবে না যদি ইম্প্রুভমেন্ট দিয়ে এবারের পয়েন্ট তুলতে পার তাইলে দিতে পারবে,BUET
Buet aa calculator use kortay dey??, হুম দেয় বিস্তারিত জানতে চেক করুন https://www.admissionwar.com/ এবং সার্চ করুন বুয়েট অথবা চেক করুন http://www.buet.ac.bd/Home/Admission গিয়ে এডমিশন সেকশনে সার্চ করুন,BUET
chemistry kon kon boi better BUET admission jnno?, যেকোনো একটা মেইন বই ভালোমত ফলো করে বেসিক ক্লিয়ার রাখো,BUET 
buet ki sob dhoronar calculator use kora jay?, হুম দেয় বিস্তারিত জানতে চেক করুন https://www.admissionwar.com/ এবং সার্চ করুন বুয়েট অথবা চেক করুন http://www.buet.ac.bd/Home/Admission গিয়ে এডমিশন সেকশনে সার্চ করুন,BUET
casio ms 570 buet exam hall e nite dai na?, হুম দেয় বিস্তারিত জানতে চেক করুন https://www.admissionwar.com/ এবং সার্চ করুন বুয়েট অথবা চেক করুন http://www.buet.ac.bd/Home/Admission গিয়ে এডমিশন সেকশনে সার্চ করুন,BUET
buet er ei bochorer ar bigoto bochorer question gula pete pari?,  হুম দেয় বুয়েটের ওয়েবসাইটে চোখ রাখুন http://www.buet.ac.bd/Home/Admission গিয়ে এডমিশন সেকশনে সার্চ করুন,BUET
BUET e form tolar nunnotomo joggota koto mark lage?, চেক করুন https://www.admissionwar.com/ এবং সার্চ করুন বুয়েট অথবা চেক করুন http://www.buet.ac.bd/Home/Admission গিয়ে এডমিশন সেকশনে সার্চ করুন,BUET
Kon subject e koto mark er kore xm hbe BUET e ??, চেক করুন https://www.admissionwar.com/ এবং সার্চ করুন বুয়েট অথবা চেক করুন http://www.buet.ac.bd/Home/Admission গিয়ে এডমিশন সেকশনে সার্চ করুন,BUET
BUET e admission result er sathe SSC/HSC  ta paowa mark r kon jog hobe ki??, চেক করুন https://www.admissionwar.com/ এবং সার্চ করুন বুয়েট অথবা চেক করুন http://www.buet.ac.bd/Home/Admission গিয়ে এডমিশন সেকশনে সার্চ করুন,BUET
BUET e kono quota r sujog ache? As like freedom fighter?, হুম আছে বিস্তারিত জানতে চেক করুন https://www.admissionwar.com/ এবং সার্চ করুন বুয়েট অথবা চেক করুন http://www.buet.ac.bd/Home/Admission গিয়ে এডমিশন সেকশনে সার্চ করুন,BUET
improve ki sob sub e dite hobe naki jegula te plus miss hobe sudhu ogulate,যেগুলাতে প্লাস মিস হইছে ,BUET
kon dhoroner mathmatical problem BUET a ashe plz explain, বইয়ের উদাহরন এবং অনুশীলনী ভালোমত দেখে গেলেই অনেক কমন পাওয়া যায়,BUET
english subjct ki buet exm e ace?,হুম আছে বিস্তারিত চেক করুন https://www.admissionwar.com/ এবং সার্চ করুন বুয়েট অথবা চেক করুন http://www.buet.ac.bd/Home/Admission গিয়ে এডমিশন সেকশনে সার্চ করুন,BUET
goto year HSC te amr kom point thakay BUET e exam dite pari nai.ekhn ei year Improvement diye dite chaile ki ei year er point tulte hobe naki goto year er?,Current Year,BUET
keu ki english and banglay A- Paile exam dite parbe BUET e?, চেক করুন https://www.admissionwar.com/ এবং সার্চ করুন বুয়েট অথবা চেক করুন http://www.buet.ac.bd/Home/Admission গিয়ে এডমিশন সেকশনে সার্চ করুন,BUET
Buet e ki silent expel ache? , হুম আছে ,BUET
BUET e Mcq te pencil use kora jabe? , এক্সাম হলে স্যার কে আস্ক করে নিও,BUET
Buet er jonno ssc & hsc te koto point lage ??, চেক করুন https://www.admissionwar.com/ এবং সার্চ করুন বুয়েট অথবা চেক করুন http://www.buet.ac.bd/Home/Admission গিয়ে এডমিশন সেকশনে সার্চ করুন,BUET
Hall e ki hand watch nite dey?, বুয়েটের এক্সাম হলে ঘড়ি থাকে অতএব আলাদা হাতঘড়ি নেয়ার প্রয়োজন নেই,BUET
Any waiting list at buet? , হুম দেয়,BUET
buet er medical test e eye related problem thakle kono jamela hoy ki? amar right eye (-8.00) left eye (-5.50), না সমস্যা হবে না,BUET
BUET VIVA/SUBJ CHOICE/MEDICAL TEST ER DATE DIYESE??, চেক করুন https://www.admissionwar.com/ এবং সার্চ করুন বুয়েট অথবা চেক করুন http://www.buet.ac.bd/Home/Admission গিয়ে এডমিশন সেকশনে সার্চ করুন,BUET
ssc ta 4.22. 4 subject agriculture cilo..hsc ta math aca.ami jodi hsc ta A+ pai toba ki buet a admisson dita parbo, হুম পারবে চেক করুন https://www.admissionwar.com/ এবং সার্চ করুন বুয়েট অথবা চেক করুন http://www.buet.ac.bd/Home/Admission গিয়ে এডমিশন সেকশনে সার্চ করুন,BUET
H.S.C te 5.00 na peye kaw aber buet e exam dita parache ??,Check this site http://www.buet.ac.bd/Home/Admission,BUET
Buet a apply korte grp sub gulay kmn marks lage,Check this site http://www.buet.ac.bd/Home/Admission,BUET
Buet e ki improvement diye xm deya jay?, হুম যাবে,BUET
Sopno amr buet kintu 2018 te hsc te asce 3.92 . Tai ami improve dite cassi. Improve diye gpa 5 and buet a chance pawa somvob? , হুম পারবে যদি তুমি তাদের রিকোয়ারমেন্ট ফিলাপ করতে পার,BUET
BUET a 600 marks ar modho koto marks pele ami chance pete pari???,এইটা তো আসলে বলা সম্ভব না। তবে মোটামুটি ৭০% মার্কস থাকলে আশা করা যায় ,BUET
CUET e improve xm deewa jai?, হুম যাবে,CUET
phy r chem e + misss..cuet e ki dea jabe?,  চোখ রাখুন https://www.admissionwar.com/ এবং সার্চ করুন চুয়েট অথবা চেক করুন https://www.cuet.ac.bd/admission গিয়ে এডমিশন সেকশনে সার্চ করুন,CUET
vai ami madrasar manobik er student...  ami ki cuet er kono unit e porikkha dite parbo?, হুম পারবে যদি তুমি রিকোয়ারমেন্ট ফিলাপ করতে পার,CUET
Vaiya ssc te golden&hsc te eng e A- & baki all sub e plus hoile ki cuet e xm dea jabe?,চোখ রাখুন https://www.admissionwar.com/ এবং সার্চ করুন চুয়েট অথবা চেক করুন https://www.cuet.ac.bd/admission গিয়ে এডমিশন সেকশনে সার্চ করুন,CUET
jader 18 tara ki xm dite parbe cuet a?,  চোখ রাখুন https://www.admissionwar.com/ এবং সার্চ করুন চুয়েট অথবা চেক করুন https://www.cuet.ac.bd/admission গিয়ে এডমিশন সেকশনে সার্চ করুন,CUET
keu ki english and banglay A- Paile exam dite parbe CUET e?,চোখ রাখুন https://www.admissionwar.com/ এবং সার্চ করুন চুয়েট অথবা চেক করুন https://www.cuet.ac.bd/admission গিয়ে এডমিশন সেকশনে সার্চ করুন,CUET
4.83 (phy A+ nai ) cuet e ki addmisn test dewa jbe?,  চোখ রাখুন https://www.admissionwar.com/ এবং সার্চ করুন চুয়েট অথবা চেক করুন https://www.cuet.ac.bd/admission গিয়ে এডমিশন সেকশনে সার্চ করুন,CUET
total phy che math eng e koto hle exam CUET e xm dea jabe.aktu blben?,  চোখ রাখুন https://www.admissionwar.com/ এবং সার্চ করুন চুয়েট অথবা চেক করুন https://www.cuet.ac.bd/admission গিয়ে এডমিশন সেকশনে সার্চ করুন,CUET
cuet e ki silent expel hoi?, হুম আছে,CUET
Apply korar por exam dite parbo kina oita kokhon jana jabe CUET er?, সিলেকশন লিস্ট দিয়ে দিবে সবসময় চোখ রাখবে,CUET
CUET e ki second time ache?,না,CUET
eibar ki CUET e full MCQ exam hobe?, এমসিকিউ,CUET
Calculator pichoner part ki khule rekhe dibe CUET e?,রেখে দিতে পারে,CUET
CUET e question set koyta hoy?, আলাদা হবে নির্দিষ্ট কোনো সংখ্যা নেই,CUET
2 ta calculator ki neya  jabe CUET e?, হুম যাবার কথা,CUET 
sob sit ke cuet hobe na kono college a  sit porbe.?, চুয়েটেই হবে,CUET
Amr chemistry te miss.  Ami ki parbo CUET e xm dite???,  চোখ রাখুন https://www.admissionwar.com/ এবং সার্চ করুন চুয়েট অথবা চেক করুন https://www.cuet.ac.bd/admission গিয়ে এডমিশন সেকশনে সার্চ করুন,CUET
ami to banglai miss krsi.select hobo CUET e exam dear jonne?,  চোখ রাখুন https://www.admissionwar.com/ এবং সার্চ করুন চুয়েট অথবা চেক করুন https://www.cuet.ac.bd/admission গিয়ে এডমিশন সেকশনে সার্চ করুন,CUET
Amr 18 eng r phy miss select hbo CUET e exam dear jonne?,  চোখ রাখুন https://www.admissionwar.com/ এবং সার্চ করুন চুয়েট অথবা চেক করুন https://www.cuet.ac.bd/admission গিয়ে এডমিশন সেকশনে সার্চ করুন,CUET
CUET e 70 ta mcq 10 for each mcq???am i right??3.30 hours????,  চোখ রাখুন https://www.admissionwar.com/ এবং সার্চ করুন চুয়েট অথবা চেক করুন https://www.cuet.ac.bd/admission গিয়ে এডমিশন সেকশনে সার্চ করুন,CUET
19 point der ki asa ache CUET e?,  চোখ রাখুন https://www.admissionwar.com/ এবং সার্চ করুন চুয়েট অথবা চেক করুন https://www.cuet.ac.bd/admission গিয়ে এডমিশন সেকশনে সার্চ করুন,CUET
ques type ki? written naki mcq CUET E???,এমসিকিউ  চোখ রাখুন https://www.admissionwar.com/ এবং সার্চ করুন চুয়েট অথবা চেক করুন https://www.cuet.ac.bd/admission গিয়ে এডমিশন সেকশনে সার্চ করুন,CUET
Calculator use er bepare kisu bola ase ki ES plus use kora jabe CUET e?, যাবার কথা না তবুও  চোখ রাখুন https://www.admissionwar.com/ এবং সার্চ করুন চুয়েট অথবা চেক করুন https://www.cuet.ac.bd/admission গিয়ে এডমিশন সেকশনে সার্চ করুন,CUET
Vaiya kon model er calculator use kora jabe CUET???, এমএস মডেলের ক্যাল্কুলেটর ইউজ করতে পারার কথা তবুও  চোখ রাখুন https://www.admissionwar.com/ এবং সার্চ করুন চুয়েট অথবা চেক করুন https://www.cuet.ac.bd/admission গিয়ে এডমিশন সেকশনে সার্চ করুন,CUET
Vaiya...amr phy n eng e A ase..chem n math e A+. Amr xm dite parar possibility kototuku CUET e ??,  চোখ রাখুন https://www.admissionwar.com/ এবং সার্চ করুন চুয়েট অথবা চেক করুন https://www.cuet.ac.bd/admission গিয়ে এডমিশন সেকশনে সার্চ করুন,CUET
Cuet er kon kon subject ieb approved???,Check this http://www.iebbd.org/page/default.aspx?contentid=117&fbclid=IwAR3ObgJyJb5tCQ1r8q5BeiMKMHIg3pze24DkSHNFbnZ2KFzHGimuBcrzoiI,CUET
RUET e form tolar nunnotomo joggota koto mark lage?, একেক বছর একেক রিকোয়ারমেন্ট লাগে চেক https://www.admissionwar.com/ এবং সার্চ করুন রুয়েট অথবা চেক করুন http://www.ruet.ac.bd/admission/ গিয়ে এডমিশন সেকশনে সার্চ করুন,RUET
Kon subject e koto mark er kore xm hbe RUET e?, একেক বছর একেক রকম হয় চেক https://www.admissionwar.com/ এবং সার্চ করুন রুয়েট অথবা চেক করুন http://www.ruet.ac.bd/admission/ গিয়ে এডমিশন সেকশনে সার্চ করুন,RUET
RUET e Calculator ki use kora jabe? , চেক https://www.admissionwar.com/ এবং সার্চ করুন রুয়েট অথবা চেক করুন http://www.ruet.ac.bd/admission/ গিয়ে এডমিশন সেকশনে সার্চ করুন,RUET
RUET e Time limit kotokkhn? , চেক https://www.admissionwar.com/ এবং সার্চ করুন রুয়েট অথবা চেক করুন http://www.ruet.ac.bd/admission/ গিয়ে এডমিশন সেকশনে সার্চ করুন,RUET
RUET e Koytate miss hole exam dewa jabe na?, একেক বছর একেক রিকোয়ারমেন্ট লাগে চেক https://www.admissionwar.com/ এবং সার্চ করুন রুয়েট অথবা চেক করুন http://www.ruet.ac.bd/admission/ গিয়ে এডমিশন সেকশনে সার্চ করুন,RUET  
RUET e sobar jnno ki ektai set? ,কি বলছো আমি বুঝতে পারি নি,RUET
RUET e Marks distribution ta kmn hobe? , একেক বছর একেক রকম হয় চেক https://www.admissionwar.com/ এবং সার্চ করুন রুয়েট অথবা চেক করুন http://www.ruet.ac.bd/admission/ গিয়ে এডমিশন সেকশনে সার্চ করুন,RUET
RUET e Written naki mcq hobe bhai? ,রিটেন হয় তারপরেও চেক https://www.admissionwar.com/ এবং সার্চ করুন রুয়েট অথবা চেক করুন http://www.ruet.ac.bd/admission/ গিয়ে এডমিশন সেকশনে সার্চ করুন,RUET
RUET e Kon calculator nile kono jhamela nei?,  চেক https://www.admissionwar.com/ এবং সার্চ করুন রুয়েট অথবা চেক করুন http://www.ruet.ac.bd/admission/ গিয়ে এডমিশন সেকশনে সার্চ করুন,RUET
RUET e Hall instructor ra ki help kore?  ,হুম অবশ্যই করে,RUET
Can someone give the whole procedure of the selection round in RUET?, চেক https://www.admissionwar.com/ এবং সার্চ করুন রুয়েট অথবা চেক করুন http://www.ruet.ac.bd/admission/ গিয়ে এডমিশন সেকশনে সার্চ করুন,RUET 
Do RUET prefer new syllabus? ,হুম ,RUET
How much time I will get in RUET exam?, একেক বছর একেক রকম থাকে চেক https://www.admissionwar.com/ এবং সার্চ করুন রুয়েট অথবা চেক করুন http://www.ruet.ac.bd/admission/ গিয়ে এডমিশন সেকশনে সার্চ করুন,RUET 
RUET e ki Waiting list available?  ,হুম ,RUET
Is there any chance for second timer in RUET?,না ,RUET







